{
  "2001": {
    "nodes": 191,
    "edges": 6220,
    "maximum degree": 130,
    "average degree": 65.13089005235602,
    "global clustering coefficient": 0.983902293456389,
    "diameter": "inf",
    "LCC diameter": 4,
    "average path length": 1.772741699993652,
    "community sizes": [
      101,
      39,
      36,
      5,
      4,
      2,
      2,
      1,
      1
    ],
    "number communities": 9,
    "modularity": 0.17530390767004067,
    "LCC size": 178,
    "average degree centrality": 0.3427941581702951,
    "follows powerlaw": false
  },
  "2006": {
    "nodes": 9091,
    "edges": 14645481,
    "maximum degree": 7854,
    "average degree": 3221.9736002639975,
    "global clustering coefficient": 0.963617077881408,
    "diameter": 3,
    "LCC diameter": 3,
    "average path length": 1.6515736503618355,
    "community sizes": [
      4621,
      2708,
      1353,
      409
    ],
    "number communities": 4,
    "modularity": 0.16582080233375512,
    "LCC size": 9091,
    "average degree centrality": 0.35445254128314957,
    "follows powerlaw": false
  }
}