{
  "2001": {
    "nodes": 191,
    "edges": 6220,
    "average degree": 65.13089005235602,
    "maximum degree": 130,
    "global clustering coefficient": 0.983902293456389,
    "diameter": "inf",
    "LCC diameter": 4,
    "giant community size": 101,
    "number communities": 9,
    "modularity": 0.17530390767004067,
    "follows powerlaw": false
  }
}