{
  "2001": {
    "nodes": 191,
    "edges": 6220,
    "average degree": 65.13089005235602,
    "maximum degree": 130,
    "global clustering coefficient": 0.983902293456389,
    "largest component size": 178,
    "number communities": 6
  }
}